Bedrijfsnaam,Branche,Website,Email,Analyse,Email_Angle_Suggestie
Architectenbureau P.Lan,Architecten,https://planarchitectenbureau.be,info@planconcept.be,"Grote focus op beleving via VR en 3D (nieuwbouw & renovatie). Ze hanteren een strak proces (5 stappenplan).","Voorstel: Een geautomatiseerde online 'bouw-stijl' vragenlijst voor de kennismakingsfase. Klanten uploaden direct hun Moodboard en Pinterest links. Dit bespaart uren tijdens stap 1 (Kennismaking) en kwalificeert de lead direct qua budget/stijl."
dertien12 Architectuuratelier,Architecten,https://dertien12.be,administratie@dertien12.be,"Veel residentiële, culturele, en maatschappelijke projecten. Veel online storytelling, project updates in een 'poëtisch' kader.","Voorstel: Een dynamisch formulier dat de abstracte wensen ('de poëzie') van nieuwe bouwheren vertaalt naar bruikbare technische data voor de architecten, klaar voor de eerste meeting om efficiënter van start te gaan."
J.A.N Plus Architecten,Architecten,https://janplus.be,info@janplus.be,"Pioniers in toekomstgericht bouwen (Totaalrenovaties, BEN-woningen). Complex bouwproces gebouwd op duurzame innovatie.","Voorstel: Bij BEN-woningen zijn er eindeloos veel vragen rond premies/isolatie. Een gecentraliseerd 'klantenportaal' dat automatisch updates en subsidie-documenten naar de klant mailt zodra een project is goedgekeurd."
Schoonmaakbedrijf Landuyt,Schoonmaak,https://schoonmaakbedrijf-landuyt.be,info@schoonmaakbedrijf-landuyt.be,"Hoge standaard qua kwaliteit voor dagelijkse B2B kantoor-schoonmaak, wat ze garanderen via 'strikte kwaliteitscontroles'.","Voorstel: Een geautomatiseerd feedback & kwaliteitscontrole systeem. In plaats van manuele checks, krijgen klanten periodiek een automatische e-mail (click 1-10) om hun tevredenheid direct intern digitaal vast te leggen."
Schoonmaak Brennie,Schoonmaak,https://schoonmaakbrennie.be,info@schoonmaakbrennie.be,"Uitzonderlijk flexibel (6/7 actief), doen o.a. zonnepanelen, ramen, hoogtewerk en kantoren. Veel ad-hoc planning.","Voorstel: Veel ad-hoc aanvragen (zoals ruitenwas) zorgen voor admin last. Met een slimme online boekingsmodule voor vaste klanten kunnen die direct het juiste moment reserveren, wat telefoon-/mailverkeer drastisch reduceert."
Schoonmaakbedrijf Brugge,Schoonmaak,https://schoonmaakbedrijfbrugge.be,info@schoonmaakbedrijfbrugge.be,"Heldere pricing (€40/u), snel inzetbaar, werken en coördineren veel samen met erkende onderaannemers.","Voorstel: Aangezien ze veel samenwerken met externe aannemers, is projectverdeling cruciaal. Een workflow die nieuwe web-leads volautomatisch filtert en distribueert naar de juiste onafhankelijke poetser bespaart massa's tijd."
Praktijk VisartKinesist,Kinesist,https://praktijkvisart.be,harry@praktijkvisart.be,"Focus op TMJ, lichaamsbewustzijn, stress en de synergie met medische yoga. 'Begrip is de start van herstel.'","Voorstel: Omdat theorie en begrip essentieel is voor hun methodiek, is een geautomatiseerde onboarding mail met een videoboodschap of folder (oefeningen voor thuis) direct ná de 1e afspraak enorm waardevol voor de patientervaring."
Kine - De Werf,Kinesist,https://kine-dewerf.be,info@kine-dewerf.be,"Zeer gespecialiseerde therapeutische expertises (zoals Dry Needling en BFR) met veel differentiële diagnoses.","Voorstel: Een slimme digitale medische pre-intake. Voordat de klant in de stoel zit, krijgt die via email een korte klachten-vragenlijst. De antwoorden zitten direct in het dossier, wat de terapeut kostbare minuten uitvraag-tijd per patiënt bespaart."
Kinepraktijk Ellen Catry,Kinesist,https://kinepraktijk.com,info@kinepraktijk.com,"Grote multidisciplinaire groeps-praktijk waar ook holistische groepssessies (ademhaling, yoga, hypno) doorgaan.","Voorstel: Met cursussen en workshops gaat er veel tijd naar inschrijvingen opvolgen. Een volledig geautomatiseerde inschrijvings- en facturatieflow inclusief reminder-sms’en neemt alle organisatorische drempels voor de therapeuten weg."
Climatherm,HVAC Installateur,https://climatherm.be,info@climatherm.be,"Leveren hoogtechnologische oplossingen en hybride systemen, doen veel en vaak gratis plaatsbezoeken / opmetingen.","Voorstel: Fysiek opmeten kost uren tijd. Een pre-kwalificatie formulier op de website waar klanten direct foto's uploaden van hun huidige (stookolie)ketel, zodat het team op voorhand kleine/irrelevante opdrachten uitsluit zonder ter plaatse te gaan."
